"name","genre","store_1","total_reviews","overall_rating","monthly_netincome","longevity_m","lifetime_income","purchase_price","net_profit"
"Domino's Pizza USA","food_drink","both",1291559,4.8,9000,115,"$1,035,000.00","$25,000.00","$1,010,000.00"
"PewDiePie's Tuber Simulator","games_entertainment","both",1590317,4.8,9000,115,"$1,035,000.00","$25,000.00","$1,010,000.00"
"Fernanfloo","games_entertainment","both",529481,4.8,9000,115,"$1,035,000.00","$25,000.00","$1,010,000.00"
"Toy Blast","games_entertainment","both",1965238,4.7,9000,113,"$1,017,000.00","$25,000.00","$992,000.00"
"Zombie Catchers","games_entertainment","both",1007208,4.7,9000,113,"$1,017,000.00","$25,000.00","$992,000.00"
"Cytus","games_entertainment","both",549657,4.7,9000,113,"$1,017,000.00","$25,000.00","$992,000.00"
"Egg, Inc.","games_entertainment","both",659234,4.7,9000,113,"$1,017,000.00","$25,000.00","$992,000.00"
"Deck Heroes: Legacy","games_entertainment","both",466989,4.7,9000,113,"$1,017,000.00","$25,000.00","$992,000.00"
"Score! Hero","games_entertainment","both",5504737,4.6,9000,110,"$990,000.00","$25,000.00","$965,000.00"
"Clash of Clans","games_entertainment","both",47020500,4.6,9000,110,"$990,000.00","$25,000.00","$965,000.00"
"Township","games_entertainment","both",4532118,4.6,9000,110,"$990,000.00","$25,000.00","$965,000.00"
"Bible","book_news_reference","both",3426615,4.6,9000,110,"$990,000.00","$25,000.00","$965,000.00"
"Fishdom","games_entertainment","both",2197364,4.6,9000,110,"$990,000.00","$25,000.00","$965,000.00"
"FINAL FANTASY BRAVE EXVIUS","games_entertainment","both",773871,4.6,9000,110,"$990,000.00","$25,000.00","$965,000.00"
"Shadow Fight 2","games_entertainment","both",11079662,4.6,9000,110,"$990,000.00","$25,000.00","$965,000.00"
"Angry Birds 2","games_entertainment","both",3991775,4.6,9000,110,"$990,000.00","$25,000.00","$965,000.00"
"Hill Climb Racing 2","games_entertainment","both",2784382,4.6,9000,110,"$990,000.00","$25,000.00","$965,000.00"
"Earn to Die 2","games_entertainment","both",1330339,4.6,9000,110,"$990,000.00","$25,000.00","$965,000.00"
"Where's My Water?","games_entertainment","both",320396,4.6,9000,110,"$990,000.00","$25,000.00","$965,000.00"
"Clash Royale","games_entertainment","both",23399496,4.6,9000,110,"$990,000.00","$25,000.00","$965,000.00"
"Hitman Sniper","games_entertainment","both",416744,4.6,9000,110,"$990,000.00","$25,000.00","$965,000.00"
"Pinterest","social_communication","both",5365563,4.6,9000,110,"$990,000.00","$25,000.00","$965,000.00"
"War Robots","games_entertainment","both",3170373,4.6,9000,110,"$990,000.00","$25,000.00","$965,000.00"
"Animal Jam - Play Wild!","games_entertainment","both",388842,4.6,9000,110,"$990,000.00","$25,000.00","$965,000.00"
"MARVEL Future Fight","games_entertainment","both",2374948,4.6,9000,110,"$990,000.00","$25,000.00","$965,000.00"
"Fallout Shelter","games_entertainment","both",2919929,4.6,9000,110,"$990,000.00","$25,000.00","$965,000.00"
"Geometry Dash World","games_entertainment","both",765347,4.6,9000,110,"$990,000.00","$25,000.00","$965,000.00"
"Choices: Stories You Play","games_entertainment","both",840945,4.6,9000,110,"$990,000.00","$25,000.00","$965,000.00"
"Chase Mobile","business_finance","both",1408871,4.6,9000,110,"$990,000.00","$25,000.00","$965,000.00"
"Geometry Dash Meltdown","games_entertainment","both",1708599,4.6,9000,110,"$990,000.00","$25,000.00","$965,000.00"
"Geometry Dash Lite","games_entertainment","both",6552010,4.5,9000,108,"$972,000.00","$25,000.00","$947,000.00"
"Angry Birds Epic RPG","games_entertainment","both",2719285,4.5,9000,108,"$972,000.00","$25,000.00","$947,000.00"
"Traffic Racer","games_entertainment","both",5410168,4.5,9000,108,"$972,000.00","$25,000.00","$947,000.00"
"Subway Surfers","games_entertainment","both",28428103,4.5,9000,108,"$972,000.00","$25,000.00","$947,000.00"
"Bullet Force","games_entertainment","both",643448,4.5,9000,108,"$972,000.00","$25,000.00","$947,000.00"
"WWE","games_entertainment","both",744397,4.5,9000,108,"$972,000.00","$25,000.00","$947,000.00"
"ROBLOX","games_entertainment","both",4632330,4.5,9000,108,"$972,000.00","$25,000.00","$947,000.00"
"GroupMe","social_communication","both",359021,4.5,9000,108,"$972,000.00","$25,000.00","$947,000.00"
"Starbucks","food_drink","both",759293,4.5,9000,108,"$972,000.00","$25,000.00","$947,000.00"
"Instagram","photo_video","both",68722055,4.5,9000,108,"$972,000.00","$25,000.00","$947,000.00"
"Star Wars‚Ñ¢: Galaxy of Heroes","games_entertainment","both",1583958,4.5,9000,108,"$972,000.00","$25,000.00","$947,000.00"
"My Horse","games_entertainment","both",1627195,4.5,9000,108,"$972,000.00","$25,000.00","$947,000.00"
"Trivia Crack","games_entertainment","both",6821242,4.5,9000,108,"$972,000.00","$25,000.00","$947,000.00"
"Boom Beach","games_entertainment","both",5833582,4.5,9000,108,"$972,000.00","$25,000.00","$947,000.00"
"Fruit Ninja Classic","games_entertainment","both",783984,4.5,9000,108,"$972,000.00","$25,000.00","$947,000.00"
"Dude Perfect 2","games_entertainment","both",429898,4.5,9000,108,"$972,000.00","$25,000.00","$947,000.00"
"Sonic Dash","games_entertainment","both",4196405,4.5,9000,108,"$972,000.00","$25,000.00","$947,000.00"
"Microsoft Word","productivity","both",2130331,4.5,9000,108,"$972,000.00","$25,000.00","$947,000.00"
"My Talking Angela","games_entertainment","both",9935417,4.5,9000,108,"$972,000.00","$25,000.00","$947,000.00"
"Dragon Hills","games_entertainment","both",359881,4.5,9000,108,"$972,000.00","$25,000.00","$947,000.00"
"YouTube Kids","games_entertainment","both",498897,4.5,9000,108,"$972,000.00","$25,000.00","$947,000.00"
"Asphalt 8: Airborne","games_entertainment","both",8578282,4.5,9000,108,"$972,000.00","$25,000.00","$947,000.00"
"Hay Day","games_entertainment","both",10620530,4.5,9000,108,"$972,000.00","$25,000.00","$947,000.00"
"Real Basketball","games_entertainment","both",1803317,4.5,9000,108,"$972,000.00","$25,000.00","$947,000.00"
"SimCity BuildIt","games_entertainment","both",4416925,4.5,9000,108,"$972,000.00","$25,000.00","$947,000.00"
"Wish - Shopping Made Fun","lifestyle_shopping","both",6351139,4.5,9000,108,"$972,000.00","$25,000.00","$947,000.00"
"Disney Crossy Road","games_entertainment","both",552659,4.5,9000,108,"$972,000.00","$25,000.00","$947,000.00"
"Discord - Chat for Gamers","games_entertainment","both",314499,4.5,9000,108,"$972,000.00","$25,000.00","$947,000.00"
"Rolling Sky","games_entertainment","both",1147882,4.5,9000,108,"$972,000.00","$25,000.00","$947,000.00"
"Solitaire","games_entertainment","both",883316,4.5,9000,108,"$972,000.00","$25,000.00","$947,000.00"
"Solitaire","games_entertainment","both",679740,4.5,9000,108,"$972,000.00","$25,000.00","$947,000.00"
"Microsoft PowerPoint","productivity","both",629736,4.5,9000,108,"$972,000.00","$25,000.00","$947,000.00"
"Snapseed","photo_video","both",831792,4.5,9000,108,"$972,000.00","$25,000.00","$947,000.00"
"Smash Hit","games_entertainment","both",4273951,4.5,9000,108,"$972,000.00","$25,000.00","$947,000.00"
"Real Racing 3","games_entertainment","both",518902,4.5,9000,108,"$972,000.00","$25,000.00","$947,000.00"
"Microsoft Excel","productivity","both",1103984,4.5,9000,108,"$972,000.00","$25,000.00","$947,000.00"
"Cooking Fever","games_entertainment","both",3305818,4.5,9000,108,"$972,000.00","$25,000.00","$947,000.00"
"My Talking Tom","games_entertainment","both",15013502,4.5,9000,108,"$972,000.00","$25,000.00","$947,000.00"
"Farming Simulator 14","games_entertainment","both",534494,4.5,9000,108,"$972,000.00","$25,000.00","$947,000.00"
"Nyan Cat: Lost In Space","games_entertainment","both",447710,4.5,9000,108,"$972,000.00","$25,000.00","$947,000.00"
"Hot Wheels: Race Off","games_entertainment","both",523773,4.5,9000,108,"$972,000.00","$25,000.00","$947,000.00"
"Hungry Shark Evolution","games_entertainment","both",6157285,4.5,9000,108,"$972,000.00","$25,000.00","$947,000.00"
"Hungry Shark World","games_entertainment","both",1266993,4.5,9000,108,"$972,000.00","$25,000.00","$947,000.00"
"PicsArt Photo Studio: Collage Maker & Pic Editor","photo_video","both",7621407,4.5,9000,108,"$972,000.00","$25,000.00","$947,000.00"
"Toca Kitchen 2","games_entertainment","both",1016236,4.5,9000,108,"$972,000.00","$29,900.00","$942,100.00"
"Alto's Adventure","games_entertainment","both",523273,4.6,9000,110,"$990,000.00","$49,900.00","$940,100.00"
"slither.io","games_entertainment","both",5342140,4.4,9000,106,"$954,000.00","$25,000.00","$929,000.00"
"Microsoft OneNote","productivity","both",520278,4.4,9000,106,"$954,000.00","$25,000.00","$929,000.00"
"Bad Piggies HD","games_entertainment","both",783985,4.4,9000,106,"$954,000.00","$25,000.00","$929,000.00"
"Boomerang from Instagram","photo_video","both",931093,4.4,9000,106,"$954,000.00","$25,000.00","$929,000.00"
"Tumblr","social_communication","both",3289139,4.4,9000,106,"$954,000.00","$25,000.00","$929,000.00"
"Temple Run","games_entertainment","both",5724979,4.4,9000,106,"$954,000.00","$25,000.00","$929,000.00"
"Talking Tom Bubble Shooter","games_entertainment","both",689795,4.4,9000,106,"$954,000.00","$25,000.00","$929,000.00"
"Uber Driver","business_finance","both",1258019,4.4,9000,106,"$954,000.00","$25,000.00","$929,000.00"
"Zombie Tsunami","games_entertainment","both",4952026,4.4,9000,106,"$954,000.00","$25,000.00","$929,000.00"
"Netflix","games_entertainment","both",5764788,4.4,9000,106,"$954,000.00","$25,000.00","$929,000.00"
"Hill Climb Racing","games_entertainment","both",9031359,4.4,9000,106,"$954,000.00","$25,000.00","$929,000.00"
"Farm Heroes Saga","games_entertainment","both",7802153,4.4,9000,106,"$954,000.00","$25,000.00","$929,000.00"
"Swamp Attack","games_entertainment","both",2136195,4.4,9000,106,"$954,000.00","$25,000.00","$929,000.00"
"Angry Birds Rio","games_entertainment","both",2781382,4.4,9000,106,"$954,000.00","$25,000.00","$929,000.00"
"Red Ball 4","games_entertainment","both",1442265,4.4,9000,106,"$954,000.00","$25,000.00","$929,000.00"
"Need for Speed‚Ñ¢ No Limits","games_entertainment","both",3379298,4.4,9000,106,"$954,000.00","$25,000.00","$929,000.00"
"Airbnb","travel_local","both",381784,4.4,9000,106,"$954,000.00","$25,000.00","$929,000.00"
"The Sims‚Ñ¢ FreePlay","games_entertainment","both",1378429,4.4,9000,106,"$954,000.00","$25,000.00","$929,000.00"
"Injustice: Gods Among Us","games_entertainment","both",3053409,4.4,9000,106,"$954,000.00","$25,000.00","$929,000.00"
"Inside Out Thought Bubbles","games_entertainment","both",645279,4.4,9000,106,"$954,000.00","$25,000.00","$929,000.00"
"VSCO","photo_video","both",764289,4.4,9000,106,"$954,000.00","$25,000.00","$929,000.00"
"Call of Duty¬Æ: Heroes","games_entertainment","both",1783562,4.4,9000,106,"$954,000.00","$25,000.00","$929,000.00"
"Jetpack Joyride","games_entertainment","both",5043448,4.4,9000,106,"$954,000.00","$25,000.00","$929,000.00"
"Dropbox","productivity","both",1910732,4.4,9000,106,"$954,000.00","$25,000.00","$929,000.00"
"NBA LIVE Mobile Basketball","games_entertainment","both",1731421,4.4,9000,106,"$954,000.00","$25,000.00","$929,000.00"
"Yahoo Weather","book_news_reference","both",1424640,4.4,9000,106,"$954,000.00","$25,000.00","$929,000.00"
"Bejeweled Classic","games_entertainment","both",386360,4.4,9000,106,"$954,000.00","$25,000.00","$929,000.00"
"Google Translate","productivity","both",5770175,4.4,9000,106,"$954,000.00","$25,000.00","$929,000.00"
"Doodle Jump","games_entertainment","both",1478832,4.4,9000,106,"$954,000.00","$25,000.00","$929,000.00"
"Photo Editor by Aviary","photo_video","both",1530228,4.4,9000,106,"$954,000.00","$25,000.00","$929,000.00"
"Plants vs. Zombies‚Ñ¢ 2","games_entertainment","both",835026,4.4,9000,106,"$954,000.00","$25,000.00","$929,000.00"
"Plants vs. Zombies‚Ñ¢ Heroes","games_entertainment","both",395635,4.4,9000,106,"$954,000.00","$25,000.00","$929,000.00"
"Design Home","games_entertainment","both",563229,4.4,9000,106,"$954,000.00","$25,000.00","$929,000.00"
"PES CLUB MANAGER","games_entertainment","both",786241,4.4,9000,106,"$954,000.00","$25,000.00","$929,000.00"
"The CW","games_entertainment","both",385533,4.4,9000,106,"$954,000.00","$25,000.00","$929,000.00"
"Candy Crush Saga","games_entertainment","both",23389385,4.4,9000,106,"$954,000.00","$25,000.00","$929,000.00"
"Candy Crush Soda Saga","games_entertainment","both",6332240,4.4,9000,106,"$954,000.00","$25,000.00","$929,000.00"
"MORTAL KOMBAT X","games_entertainment","both",3154364,4.4,9000,106,"$954,000.00","$25,000.00","$929,000.00"
"WhatsApp Messenger","social_communication","both",69403690,4.4,9000,106,"$954,000.00","$25,000.00","$929,000.00"
"Google Docs","productivity","both",880235,4.3,9000,103,"$927,000.00","$25,000.00","$902,000.00"
"Google Sheets","productivity","both",521000,4.3,9000,103,"$927,000.00","$25,000.00","$902,000.00"
"Temple Run 2","games_entertainment","both",8413699,4.3,9000,103,"$927,000.00","$25,000.00","$902,000.00"
"T-Mobile","productivity","both",502607,4.3,9000,103,"$927,000.00","$25,000.00","$902,000.00"
"Summoners War","games_entertainment","both",2182676,4.3,9000,103,"$927,000.00","$25,000.00","$902,000.00"
"iFunny :)","games_entertainment","both",602101,4.3,9000,103,"$927,000.00","$25,000.00","$902,000.00"
"Indeed Job Search","business_finance","both",713411,4.3,9000,103,"$927,000.00","$25,000.00","$902,000.00"
"Ingress","games_entertainment","both",394064,4.3,9000,103,"$927,000.00","$25,000.00","$902,000.00"
"Puffin Web Browser","social_communication","both",553157,4.3,9000,103,"$927,000.00","$25,000.00","$902,000.00"
"Speedtest by Ookla","productivity","both",1093810,4.3,9000,103,"$927,000.00","$25,000.00","$902,000.00"
"Bad Piggies","games_entertainment","both",1195218,4.3,9000,103,"$927,000.00","$25,000.00","$902,000.00"
"Kik","social_communication","both",2712101,4.3,9000,103,"$927,000.00","$25,000.00","$902,000.00"
"Candy Crush Jelly Saga","games_entertainment","both",1332950,4.3,9000,103,"$927,000.00","$25,000.00","$902,000.00"
"MARVEL Contest of Champions","games_entertainment","both",2702088,4.3,9000,103,"$927,000.00","$25,000.00","$902,000.00"
"Pou","games_entertainment","both",10488733,4.3,9000,103,"$927,000.00","$25,000.00","$902,000.00"
"Episode - Choose Your Story","games_entertainment","both",1997624,4.3,9000,103,"$927,000.00","$25,000.00","$902,000.00"
"Angry Birds Star Wars","games_entertainment","both",1252193,4.3,9000,103,"$927,000.00","$25,000.00","$902,000.00"
"Fandango Movies - Times + Tickets","games_entertainment","both",535534,4.3,9000,103,"$927,000.00","$25,000.00","$902,000.00"
"Twitter","book_news_reference","both",12018317,4.3,9000,103,"$927,000.00","$25,000.00","$902,000.00"
"Flow Free","games_entertainment","both",1669398,4.3,9000,103,"$927,000.00","$25,000.00","$902,000.00"
"Xbox","games_entertainment","both",628846,4.3,9000,103,"$927,000.00","$25,000.00","$902,000.00"
"Frozen Free Fall","games_entertainment","both",1624909,4.3,9000,103,"$927,000.00","$25,000.00","$902,000.00"
"Fruit Ninja¬Æ","games_entertainment","both",5418473,4.3,9000,103,"$927,000.00","$25,000.00","$902,000.00"
"Grand Theft Auto: San Andreas","games_entertainment","both",381495,4.4,9000,106,"$954,000.00","$69,900.00","$884,100.00"
"Dubsmash","games_entertainment","both",1992020,4.2,9000,101,"$909,000.00","$25,000.00","$884,000.00"
"Talking Ginger 2","games_entertainment","both",711286,4.2,9000,101,"$909,000.00","$25,000.00","$884,000.00"
"Uber","travel_local","both",4974609,4.2,9000,101,"$909,000.00","$25,000.00","$884,000.00"
"Agar.io","games_entertainment","both",3992721,4.2,9000,101,"$909,000.00","$25,000.00","$884,000.00"
"LinkedIn","social_communication","both",1297209,4.2,9000,101,"$909,000.00","$25,000.00","$884,000.00"
"Google Earth","travel_local","both",2785062,4.2,9000,101,"$909,000.00","$25,000.00","$884,000.00"
"The Simpsons‚Ñ¢: Tapped Out","games_entertainment","both",911496,4.2,9000,101,"$909,000.00","$25,000.00","$884,000.00"
"Angry Birds Friends","games_entertainment","both",853408,4.2,9000,101,"$909,000.00","$25,000.00","$884,000.00"
"Google Street View","travel_local","both",2131148,4.2,9000,101,"$909,000.00","$25,000.00","$884,000.00"
"WeChat","social_communication","both",5422048,4.2,9000,101,"$909,000.00","$25,000.00","$884,000.00"
"aa","games_entertainment","both",1045263,4.2,9000,101,"$909,000.00","$25,000.00","$884,000.00"
"Amazon Prime Video","games_entertainment","both",455350,4.2,9000,101,"$909,000.00","$25,000.00","$884,000.00"
"Angry Birds Go!","games_entertainment","both",3922171,4.2,9000,101,"$909,000.00","$25,000.00","$884,000.00"
"Dumb Ways to Die 2: The Games","games_entertainment","both",1682953,4.2,9000,101,"$909,000.00","$25,000.00","$884,000.00"
"Just Dance Now","games_entertainment","both",796593,4.2,9000,101,"$909,000.00","$25,000.00","$884,000.00"
"MARVEL Avengers Academy","games_entertainment","both",321482,4.2,9000,101,"$909,000.00","$25,000.00","$884,000.00"
"King of Avalon: Dragon Warfare","games_entertainment","both",309978,4.2,9000,101,"$909,000.00","$25,000.00","$884,000.00"
"YouNow: Live Stream Video Chat","social_communication","both",321951,4.1,9000,98,"$882,000.00","$25,000.00","$857,000.00"
"UNO ‚Ñ¢ & Friends","games_entertainment","both",1797468,4.1,9000,98,"$882,000.00","$25,000.00","$857,000.00"
"WatchESPN","games_entertainment","both",448544,4.1,9000,98,"$882,000.00","$25,000.00","$857,000.00"
"LEGO¬Æ Juniors Create & Cruise","games_entertainment","both",678798,4.1,9000,98,"$882,000.00","$25,000.00","$857,000.00"
"Can Knockdown 3","games_entertainment","both",350638,4.1,9000,98,"$882,000.00","$25,000.00","$857,000.00"
"Pok√©mon GO","games_entertainment","both",10680732,4.1,9000,98,"$882,000.00","$25,000.00","$857,000.00"
"Bejeweled Blitz","games_entertainment","both",443666,4.1,9000,98,"$882,000.00","$25,000.00","$857,000.00"
"Tom Loves Angela","games_entertainment","both",1113066,4.1,9000,98,"$882,000.00","$25,000.00","$857,000.00"
"diep.io","games_entertainment","both",357280,4.1,9000,98,"$882,000.00","$25,000.00","$857,000.00"
"Facebook","social_communication","both",81117933,4.1,9000,98,"$882,000.00","$25,000.00","$857,000.00"
"DRAGON BALL Z DOKKAN BATTLE","games_entertainment","both",655476,4.1,9000,98,"$882,000.00","$25,000.00","$857,000.00"
"Tom's Love Letters","games_entertainment","both",733516,4.1,9000,98,"$882,000.00","$25,000.00","$857,000.00"
"Infinity Blade","games_entertainment","one",326482,5.0,4000,120,"$480,000.00","$25,000.00","$455,000.00"
"Plants vs. Zombies","games_entertainment","one",426463,5.0,4000,120,"$480,000.00","$25,000.00","$455,000.00"
"Sniper 3D Assassin: Shoot to Kill Gun Game","games_entertainment","one",386521,5.0,4000,120,"$480,000.00","$25,000.00","$455,000.00"
"Head Soccer","games_entertainment","one",481564,5.0,4000,120,"$480,000.00","$25,000.00","$455,000.00"
"JW Library","book_news_reference","one",922752,4.9,4000,118,"$472,000.00","$25,000.00","$447,000.00"
"Al Quran Indonesia","book_news_reference","one",445756,4.8,4000,115,"$460,000.00","$25,000.00","$435,000.00"
"30 Day Fitness Challenge - Workout at Home","health_fitness","one",471036,4.8,4000,115,"$460,000.00","$25,000.00","$435,000.00"
"Vlogger Go Viral - Tuber Game","games_entertainment","one",1304467,4.8,4000,115,"$460,000.00","$25,000.00","$435,000.00"
"Eternium","games_entertainment","one",1506783,4.8,4000,115,"$460,000.00","$25,000.00","$435,000.00"
"Amino: Communities and Chats","social_communication","one",1261580,4.8,4000,115,"$460,000.00","$25,000.00","$435,000.00"
"Cash, Inc. Money Clicker Game & Business Adventure","games_entertainment","one",549720,4.8,4000,115,"$460,000.00","$25,000.00","$435,000.00"
"Home Workout - No Equipment","health_fitness","one",430158,4.8,4000,115,"$460,000.00","$25,000.00","$435,000.00"
"Video Downloader - for Instagram Repost App","games_entertainment","one",332623,4.8,4000,115,"$460,000.00","$25,000.00","$435,000.00"
"File Manager by Xiaomi: release file storage space","productivity","one",337532,4.8,4000,115,"$460,000.00","$25,000.00","$435,000.00"
"Period Tracker - Period Calendar Ovulation Tracker","health_fitness","one",4559407,4.8,4000,115,"$460,000.00","$25,000.00","$435,000.00"
"Period Tracker Clue: Period and Ovulation Tracker","health_fitness","one",570242,4.8,4000,115,"$460,000.00","$25,000.00","$435,000.00"
"DU Recorder ‚Äì Screen Recorder, Video Editor, Live","games_entertainment","one",2588730,4.8,4000,115,"$460,000.00","$25,000.00","$435,000.00"
"Dan the Man: Action Platformer","games_entertainment","one",528550,4.8,4000,115,"$460,000.00","$25,000.00","$435,000.00"
"Brightest Flashlight Free ¬Æ","productivity","one",1335799,4.7,4000,113,"$452,000.00","$25,000.00","$427,000.00"
"Fame Boom for Real Followers, Likes","social_communication","one",896118,4.7,4000,113,"$452,000.00","$25,000.00","$427,000.00"
"Quran for Android","book_news_reference","one",497826,4.7,4000,113,"$452,000.00","$25,000.00","$427,000.00"
"Darkness Rises","games_entertainment","one",456474,4.7,4000,113,"$452,000.00","$25,000.00","$427,000.00"
"Credit Karma","business_finance","one",706407,4.7,4000,113,"$452,000.00","$25,000.00","$427,000.00"
"Solitaire!","games_entertainment","one",403911,4.7,4000,113,"$452,000.00","$25,000.00","$427,000.00"
"Muslim Pro - Prayer Times, Azan, Quran & Qibla","lifestyle_shopping","one",1133393,4.7,4000,113,"$452,000.00","$25,000.00","$427,000.00"
"FotMob - Live Soccer Scores","games_entertainment","one",410390,4.7,4000,113,"$452,000.00","$25,000.00","$427,000.00"
"Tastely","food_drink","one",611136,4.7,4000,113,"$452,000.00","$25,000.00","$427,000.00"
"CATS: Crash Arena Turbo Stars","games_entertainment","one",1559650,4.7,4000,113,"$452,000.00","$25,000.00","$427,000.00"
"Learn English with Wlingua","education","one",314300,4.7,4000,113,"$452,000.00","$25,000.00","$427,000.00"
"Where is my Train : Indian Railway & PNR Status","travel_local","one",620534,4.7,4000,113,"$452,000.00","$25,000.00","$427,000.00"
"Mercado Libre: Find your favorite brands","lifestyle_shopping","one",3860225,4.7,4000,113,"$452,000.00","$25,000.00","$427,000.00"
"Kaspersky Mobile Antivirus: AppLock & Web Security","productivity","one",2598579,4.7,4000,113,"$452,000.00","$25,000.00","$427,000.00"
"Sandbox - Color by Number Coloring Pages","games_entertainment","one",412744,4.7,4000,113,"$452,000.00","$25,000.00","$427,000.00"
"ZenUI Launcher","Personalization","one",1141545,4.7,4000,113,"$452,000.00","$25,000.00","$427,000.00"
"Booking.com Travel Deals","travel_local","one",1830388,4.7,4000,113,"$452,000.00","$25,000.00","$427,000.00"
"Hustle Castle: Fantasy Kingdom","games_entertainment","one",584126,4.7,4000,113,"$452,000.00","$25,000.00","$427,000.00"
"Bubble Witch 3 Saga","games_entertainment","one",1732263,4.7,4000,113,"$452,000.00","$25,000.00","$427,000.00"
"Video Editor Music,Cut,No Crop","photo_video","one",2163282,4.7,4000,113,"$452,000.00","$25,000.00","$427,000.00"
"Learn languages, grammar & vocabulary with Memrise","education","one",1107910,4.7,4000,113,"$452,000.00","$25,000.00","$427,000.00"
"Cover Fire: offline shooting games for free","games_entertainment","one",725897,4.7,4000,113,"$452,000.00","$25,000.00","$427,000.00"
"Daily Horoscope","lifestyle_shopping","one",407589,4.7,4000,113,"$452,000.00","$25,000.00","$427,000.00"
"Castle Clash: RPG War and Strategy FR","games_entertainment","one",376223,4.7,4000,113,"$452,000.00","$25,000.00","$427,000.00"
"Pixel Art: Color by Number Game","games_entertainment","one",1125340,4.7,4000,113,"$452,000.00","$25,000.00","$427,000.00"
"The birth","lifestyle_shopping","one",1084945,4.7,4000,113,"$452,000.00","$25,000.00","$427,000.00"
"GO SecurityÔºçAntiVirus, AppLock, Booster","productivity","one",1251479,4.7,4000,113,"$452,000.00","$25,000.00","$427,000.00"
"Piano Tiles 2‚Ñ¢","games_entertainment","one",8118880,4.7,4000,113,"$452,000.00","$25,000.00","$427,000.00"
"Duolingo: Learn Languages Free","education","one",6292547,4.7,4000,113,"$452,000.00","$25,000.00","$427,000.00"
"Toon Blast","games_entertainment","one",1351309,4.7,4000,113,"$452,000.00","$25,000.00","$427,000.00"
"Quik ‚Äì Free Video Editor for photos, clips, music","games_entertainment","one",696665,4.7,4000,113,"$452,000.00","$25,000.00","$427,000.00"
"Idle Heroes","games_entertainment","one",416869,4.7,4000,113,"$452,000.00","$25,000.00","$427,000.00"
"Cooking Madness - A Chef's Restaurant Games","games_entertainment","one",358817,4.7,4000,113,"$452,000.00","$25,000.00","$427,000.00"
"Bubbu ‚Äì My Virtual Pet","games_entertainment","one",394842,4.7,4000,113,"$452,000.00","$25,000.00","$427,000.00"
"Onefootball - Soccer Scores","games_entertainment","one",911995,4.7,4000,113,"$452,000.00","$25,000.00","$427,000.00"
"Security Master - Antivirus, VPN, AppLock, Booster","productivity","one",24900999,4.7,4000,113,"$452,000.00","$25,000.00","$427,000.00"
"Clean Master- Space Cleaner & Antivirus","productivity","one",42916526,4.7,4000,113,"$452,000.00","$25,000.00","$427,000.00"
"Pregnancy Tracker & Countdown to Baby Due Date","Parenting","one",658087,4.7,4000,113,"$452,000.00","$25,000.00","$427,000.00"
"All-In-One Toolbox: Cleaner, Booster, App Manager","productivity","one",536926,4.7,4000,113,"$452,000.00","$25,000.00","$427,000.00"
"Mobile Security & Antivirus","productivity","one",564759,4.7,4000,113,"$452,000.00","$25,000.00","$427,000.00"
"Bowmasters","games_entertainment","one",1535571,4.7,4000,113,"$452,000.00","$25,000.00","$427,000.00"
"YouCam Makeup - Magic Selfie Makeovers","photo_video","one",3337954,4.6,4000,110,"$440,000.00","$25,000.00","$415,000.00"
"Microsoft Launcher","Personalization","one",649568,4.6,4000,110,"$440,000.00","$25,000.00","$415,000.00"
"Backgrounds HD (Wallpapers)","Personalization","one",2390142,4.6,4000,110,"$440,000.00","$25,000.00","$415,000.00"
"SHAREit - Transfer & Share","productivity","one",7782920,4.6,4000,110,"$440,000.00","$25,000.00","$415,000.00"
"AZ Screen Recorder - No Root","games_entertainment","one",751911,4.6,4000,110,"$440,000.00","$25,000.00","$415,000.00"
"Major Mayhem","games_entertainment","one",520962,4.6,4000,110,"$440,000.00","$25,000.00","$415,000.00"
"Mail.Ru - Email App","social_communication","one",837842,4.6,4000,110,"$440,000.00","$25,000.00","$415,000.00"
"Castle Clash: Heroes of the Empire US","games_entertainment","one",4578683,4.6,4000,110,"$440,000.00","$25,000.00","$415,000.00"
"WhatsCall Free Global Phone Call App & Cheap Calls","social_communication","one",1130966,4.6,4000,110,"$440,000.00","$25,000.00","$415,000.00"
"Castle Clash: Epic Empire ES","games_entertainment","one",584070,4.6,4000,110,"$440,000.00","$25,000.00","$415,000.00"
"Clean Master Lite - For Low-End Phone","productivity","one",2246379,4.6,4000,110,"$440,000.00","$25,000.00","$415,000.00"
"CM Browser - Ad Blocker , Fast Download , Privacy","social_communication","one",2265000,4.6,4000,110,"$440,000.00","$25,000.00","$415,000.00"
"CM Launcher 3D - Theme, Wallpapers, Efficient","Personalization","one",6701812,4.6,4000,110,"$440,000.00","$25,000.00","$415,000.00"
"CM Locker - Security Lockscreen","productivity","one",3090704,4.6,4000,110,"$440,000.00","$25,000.00","$415,000.00"
"Capital One¬Æ Mobile","business_finance","one",510397,4.6,4000,110,"$440,000.00","$25,000.00","$415,000.00"
"Coloring Book for Me & Mandala","games_entertainment","one",401211,4.6,4000,110,"$440,000.00","$25,000.00","$415,000.00"
"ColorNote Notepad Notes","productivity","one",2401017,4.6,4000,110,"$440,000.00","$25,000.00","$415,000.00"
"Live Hold‚Äôem Pro Poker - Free Casino Games","games_entertainment","one",1123190,4.6,4000,110,"$440,000.00","$25,000.00","$415,000.00"
"Coupang","lifestyle_shopping","one",308234,4.6,4000,110,"$440,000.00","$25,000.00","$415,000.00"
"AliExpress - Smarter Shopping, Better Living","lifestyle_shopping","one",5915429,4.6,4000,110,"$440,000.00","$25,000.00","$415,000.00"
"Pedometer, Step Counter & Weight Loss Tracker App","health_fitness","one",548021,4.6,4000,110,"$440,000.00","$25,000.00","$415,000.00"
"LIKE ‚Äì Magic Video Maker & Community","games_entertainment","one",921868,4.6,4000,110,"$440,000.00","$25,000.00","$415,000.00"
"Al'Quran Bahasa Indonesia","book_news_reference","one",361780,4.6,4000,110,"$440,000.00","$25,000.00","$415,000.00"
"Sniper 3D Gun Shooter: Free Shooting Games - FPS","games_entertainment","one",7670372,4.6,4000,110,"$440,000.00","$25,000.00","$415,000.00"
"Soccer Star 2018 Top Leagues ¬∑ MLS Soccer Games","games_entertainment","one",652940,4.6,4000,110,"$440,000.00","$25,000.00","$415,000.00"
"Waze - GPS, Maps, Traffic Alerts & Live Navigation","navigation","one",7231823,4.6,4000,110,"$440,000.00","$25,000.00","$415,000.00"
"ZEDGE‚Ñ¢ Ringtones & Wallpapers","Personalization","one",6464887,4.6,4000,110,"$440,000.00","$25,000.00","$415,000.00"
"Podcast Addict","book_news_reference","one",413999,4.6,4000,110,"$440,000.00","$25,000.00","$415,000.00"
"Diary with lock","lifestyle_shopping","one",815587,4.6,4000,110,"$440,000.00","$25,000.00","$415,000.00"
"Dictionary.com: Find Definitions for English Words","book_news_reference","one",899010,4.6,4000,110,"$440,000.00","$25,000.00","$415,000.00"
"CamScanner - Phone PDF Creator","productivity","one",1502622,4.6,4000,110,"$440,000.00","$25,000.00","$415,000.00"
"Wattpad üìñ Free Books","book_news_reference","one",2914957,4.6,4000,110,"$440,000.00","$25,000.00","$415,000.00"
"Calorie Counter - MyFitnessPal","health_fitness","one",1873520,4.6,4000,110,"$440,000.00","$25,000.00","$415,000.00"
"Water Drink Reminder","health_fitness","one",524299,4.6,4000,110,"$440,000.00","$25,000.00","$415,000.00"
"Dr. Driving 2","games_entertainment","one",358633,4.6,4000,110,"$440,000.00","$25,000.00","$415,000.00"
"DRAGON BALL LEGENDS","games_entertainment","one",338080,4.6,4000,110,"$440,000.00","$25,000.00","$415,000.00"
"Keepsafe Photo Vault: Hide Private Photos & Videos","photo_video","one",1656808,4.6,4000,110,"$440,000.00","$25,000.00","$415,000.00"
"Dream League Soccer 2018","games_entertainment","one",9879972,4.6,4000,110,"$440,000.00","$25,000.00","$415,000.00"
"DU Antivirus Security - Applock & Privacy Guard","productivity","one",436615,4.6,4000,110,"$440,000.00","$25,000.00","$415,000.00"
"PhotoDirector Photo Editor App","photo_video","one",714340,4.6,4000,110,"$440,000.00","$25,000.00","$415,000.00"
"Wallpapers HD","Personalization","one",484981,4.6,4000,110,"$440,000.00","$25,000.00","$415,000.00"
"Special Forces Group 2","games_entertainment","one",1432809,4.6,4000,110,"$440,000.00","$25,000.00","$415,000.00"
"Calculator Plus Free","productivity","one",679912,4.6,4000,110,"$440,000.00","$25,000.00","$415,000.00"
"PhotoGrid: Video & Pic Collage Maker, Photo Editor","photo_video","one",7529865,4.6,4000,110,"$440,000.00","$25,000.00","$415,000.00"
"Stick War: Legacy","games_entertainment","one",811040,4.6,4000,110,"$440,000.00","$25,000.00","$415,000.00"
"eBay Kleinanzeigen for Germany","lifestyle_shopping","one",318142,4.6,4000,110,"$440,000.00","$25,000.00","$415,000.00"
"Best Fiends - Free Puzzle Game","games_entertainment","one",1480186,4.6,4000,110,"$440,000.00","$25,000.00","$415,000.00"
"VivaVideo - Video Editor & Photo Movie","games_entertainment","one",9879473,4.6,4000,110,"$440,000.00","$25,000.00","$415,000.00"
"ES File Explorer File Manager","productivity","one",5382250,4.6,4000,110,"$440,000.00","$25,000.00","$415,000.00"
"VideoShow-Video Editor, Video Maker, Beauty Camera","games_entertainment","one",4016834,4.6,4000,110,"$440,000.00","$25,000.00","$415,000.00"
"Pic Collage - Photo Editor","photo_video","one",1451000,4.6,4000,110,"$440,000.00","$25,000.00","$415,000.00"
"ETERNITY WARRIORS 2","games_entertainment","one",568391,4.6,4000,110,"$440,000.00","$25,000.00","$415,000.00"
"Evernote ‚Äì Organizer, Planner for Notes & Memos","productivity","one",1488370,4.6,4000,110,"$440,000.00","$25,000.00","$415,000.00"
"Video Downloader for Facebook","productivity","one",894435,4.6,4000,110,"$440,000.00","$25,000.00","$415,000.00"
"APUS Booster - Space Cleaner & Booster","productivity","one",1048766,4.6,4000,110,"$440,000.00","$25,000.00","$415,000.00"
"Houzz Interior Design Ideas","House & Home","one",353806,4.6,4000,110,"$440,000.00","$25,000.00","$415,000.00"
"Sweet Selfie - selfie camera, beauty cam, photo edit","photo_video","one",1159058,4.6,4000,110,"$440,000.00","$25,000.00","$415,000.00"
"No Crop & Square for Instagram","photo_video","one",819734,4.6,4000,110,"$440,000.00","$25,000.00","$415,000.00"
"Homescapes","Casual","one",3093645,4.6,4000,110,"$440,000.00","$25,000.00","$415,000.00"
"QuickPic - Photo Gallery with Google Drive Support","photo_video","one",847154,4.6,4000,110,"$440,000.00","$25,000.00","$415,000.00"
"File Manager","productivity","one",739329,4.6,4000,110,"$440,000.00","$25,000.00","$415,000.00"
"Files Go by Google: Free up space on your phone","productivity","one",315585,4.6,4000,110,"$440,000.00","$25,000.00","$415,000.00"
"Hello English: Learn English","education","one",750321,4.6,4000,110,"$440,000.00","$25,000.00","$415,000.00"
"Fire Emblem Heroes","games_entertainment","one",407694,4.6,4000,110,"$440,000.00","$25,000.00","$415,000.00"
"Zapya - File Transfer, Sharing","productivity","one",387958,4.6,4000,110,"$440,000.00","$25,000.00","$415,000.00"
"Talking Tom Gold Run","games_entertainment","one",2697772,4.6,4000,110,"$440,000.00","$25,000.00","$415,000.00"
"Twitch: Livestream Multiplayer Games & Esports","games_entertainment","one",2133172,4.6,4000,110,"$440,000.00","$25,000.00","$415,000.00"
"Twilight: Blue light filter","health_fitness","one",318134,4.6,4000,110,"$440,000.00","$25,000.00","$415,000.00"
"Antivirus & Mobile Security","productivity","one",351267,4.6,4000,110,"$440,000.00","$25,000.00","$415,000.00"
"360 Security - Free Antivirus, Booster, Cleaner","productivity","one",16771865,4.6,4000,110,"$440,000.00","$25,000.00","$415,000.00"
"Google Duo - High Quality Video Calls","social_communication","one",2083237,4.6,4000,110,"$440,000.00","$25,000.00","$415,000.00"
"Gymnastics Superstar - Spin your way to gold!","games_entertainment","one",305765,4.6,4000,110,"$440,000.00","$25,000.00","$415,000.00"
"Guns of Boom - Online Shooter","games_entertainment","one",1226514,4.6,4000,110,"$440,000.00","$25,000.00","$415,000.00"
"Groupon - Shop Deals, Discounts & Coupons","lifestyle_shopping","one",1370832,4.6,4000,110,"$440,000.00","$25,000.00","$415,000.00"
"365Scores - Live Scores","games_entertainment","one",666384,4.6,4000,110,"$440,000.00","$25,000.00","$415,000.00"
"Reddit: Social News, Trending Memes & Funny Videos","book_news_reference","one",697212,4.6,4000,110,"$440,000.00","$25,000.00","$415,000.00"
"Norton Security and Antivirus","productivity","one",1170641,4.6,4000,110,"$440,000.00","$25,000.00","$415,000.00"
"Galaxy Attack: Alien Shooter","games_entertainment","one",506381,4.6,4000,110,"$440,000.00","$25,000.00","$415,000.00"
"OfferUp - Buy. Sell. Offer Up","lifestyle_shopping","one",591312,4.6,4000,110,"$440,000.00","$25,000.00","$415,000.00"
"Gardenscapes","Casual","one",4129199,4.6,4000,110,"$440,000.00","$25,000.00","$415,000.00"
"Bitmoji ‚Äì Your Personal Emoji","games_entertainment","one",2312084,4.6,4000,110,"$440,000.00","$25,000.00","$415,000.00"
"GasBuddy: Find Cheap Gas","travel_local","one",751551,4.6,4000,110,"$440,000.00","$25,000.00","$415,000.00"
"Wunderlist: To-Do List & Tasks","productivity","one",404612,4.6,4000,110,"$440,000.00","$25,000.00","$415,000.00"
"Nova Launcher","Personalization","one",1121805,4.6,4000,110,"$440,000.00","$25,000.00","$415,000.00"
"Master for Minecraft(Pocket Edition)-Mod Launcher","productivity","one",2674051,4.6,4000,110,"$440,000.00","$25,000.00","$415,000.00"
"MegaN64 (N64 Emulator)","Casual","one",877576,4.6,4000,110,"$440,000.00","$25,000.00","$415,000.00"
"Parallel Space - Multiple accounts & Two face","Personalization","one",3062845,4.6,4000,110,"$440,000.00","$25,000.00","$415,000.00"
"Partymasters - Fun Idle Game","games_entertainment","one",541144,4.6,4000,110,"$440,000.00","$25,000.00","$415,000.00"
"9GAG: Funny Gifs, Pics, Memes & Videos for IGTV","games_entertainment","one",1450632,4.6,4000,110,"$440,000.00","$25,000.00","$415,000.00"
"MiniMovie - Free Video and Slideshow Editor","games_entertainment","one",504823,4.5,4000,108,"$432,000.00","$25,000.00","$407,000.00"
"SAMURAI vs ZOMBIES DEFENSE","games_entertainment","one",407788,4.5,4000,108,"$432,000.00","$25,000.00","$407,000.00"
"Runtastic Running App & Mile Tracker","health_fitness","one",827634,4.5,4000,108,"$432,000.00","$25,000.00","$407,000.00"
"Runkeeper - GPS Track Run Walk","health_fitness","one",501144,4.5,4000,108,"$432,000.00","$25,000.00","$407,000.00"
"Yes day","Casual","one",10055521,4.5,4000,108,"$432,000.00","$25,000.00","$407,000.00"
"Roll the Ball¬Æ - slide puzzle","games_entertainment","one",1385093,4.5,4000,108,"$432,000.00","$25,000.00","$407,000.00"
"Robbery Bob","games_entertainment","one",617732,4.5,4000,108,"$432,000.00","$25,000.00","$407,000.00"
"Movies by Flixster, with Rotten Tomatoes","games_entertainment","one",653008,4.5,4000,108,"$432,000.00","$25,000.00","$407,000.00"
"MX Player","games_entertainment","one",6472759,4.5,4000,108,"$432,000.00","$25,000.00","$407,000.00"
"Rider","games_entertainment","one",655106,4.5,4000,108,"$432,000.00","$25,000.00","$407,000.00"
"‚ñªSudoku","games_entertainment","one",359832,4.5,4000,108,"$432,000.00","$25,000.00","$407,000.00"
"Bank of Brazil","business_finance","one",1336246,4.5,4000,108,"$432,000.00","$25,000.00","$407,000.00"
"Zillow: Find Houses for Sale & Apartments for Rent","House & Home","one",417907,4.5,4000,108,"$432,000.00","$25,000.00","$407,000.00"
"myMail ‚Äì Email for Hotmail, Gmail and Outlook Mail","social_communication","one",305218,4.5,4000,108,"$432,000.00","$25,000.00","$407,000.00"
"MyScript Calculator","education","one",342336,4.5,4000,108,"$432,000.00","$25,000.00","$407,000.00"
"Narrator's Voice","games_entertainment","one",564387,4.5,4000,108,"$432,000.00","$25,000.00","$407,000.00"
"Quora","social_communication","one",313518,4.5,4000,108,"$432,000.00","$25,000.00","$407,000.00"
"Battery Doctor-Battery Life Saver & Battery Cooler","productivity","one",8190074,4.5,4000,108,"$432,000.00","$25,000.00","$407,000.00"
"Quiz: Logo game","games_entertainment","one",306764,4.5,4000,108,"$432,000.00","$25,000.00","$407,000.00"
"Yandex.Weather","book_news_reference","one",309617,4.5,4000,108,"$432,000.00","$25,000.00","$407,000.00"
"Pulse Nabd - World News, Urgent","book_news_reference","one",357944,4.5,4000,108,"$432,000.00","$25,000.00","$407,000.00"
"Online Soccer Manager (OSM)","games_entertainment","one",1312936,4.5,4000,108,"$432,000.00","$25,000.00","$407,000.00"
"Yandex Browser with Protect","Personalization","one",1236488,4.5,4000,108,"$432,000.00","$25,000.00","$407,000.00"
"Opera Mini - fast web browser","social_communication","one",5150375,4.5,4000,108,"$432,000.00","$25,000.00","$407,000.00"
"Beauty Makeup Snappy Collage Photo Editor - Lidow","photo_video","one",420973,4.5,4000,108,"$432,000.00","$25,000.00","$407,000.00"
"PowerDirector Video Editor App: 4K, Slow Mo & More","games_entertainment","one",713701,4.5,4000,108,"$432,000.00","$25,000.00","$407,000.00"
"Zillow Real Estate - Homes for Sale & for Rent","lifestyle_shopping","one",342969,4.5,4000,108,"$432,000.00","$25,000.00","$407,000.00"
"Period Tracker","health_fitness","one",325738,4.5,4000,108,"$432,000.00","$25,000.00","$407,000.00"
"Photo Editor Collage Maker Pro","photo_video","one",1519671,4.5,4000,108,"$432,000.00","$25,000.00","$407,000.00"
"Pixel Gun 3D: Survival shooter & Battle Royale","games_entertainment","one",4487182,4.5,4000,108,"$432,000.00","$25,000.00","$407,000.00"
"Photo Lab Picture Editor: face effects, art frames","photo_video","one",1536512,4.5,4000,108,"$432,000.00","$25,000.00","$407,000.00"
"Pixel Gun 3D","games_entertainment","one",301182,4.5,4000,108,"$432,000.00","$25,000.00","$407,000.00"
"Piano Free - Keyboard with Magic Tiles Music Games","games_entertainment","one",785622,4.5,4000,108,"$432,000.00","$25,000.00","$407,000.00"
"Bestie - Camera360 Selfie","photo_video","one",512996,4.5,4000,108,"$432,000.00","$25,000.00","$407,000.00"
"Advanced Download Manager","productivity","one",569727,4.5,4000,108,"$432,000.00","$25,000.00","$407,000.00"
"2GIS: directory & navigator","travel_local","one",768833,4.5,4000,108,"$432,000.00","$25,000.00","$407,000.00"
"Bike Race - Top Motorcycle Racing Games","games_entertainment","one",405007,4.5,4000,108,"$432,000.00","$25,000.00","$407,000.00"
"Bike Race Free - Top Motorcycle Racing Games","games_entertainment","one",2586261,4.5,4000,108,"$432,000.00","$25,000.00","$407,000.00"
"BitTorrent¬Æ- Torrent Downloads","games_entertainment","one",641219,4.5,4000,108,"$432,000.00","$25,000.00","$407,000.00"
"Block City Wars + skins export","games_entertainment","one",762706,4.5,4000,108,"$432,000.00","$25,000.00","$407,000.00"
"Block Craft 3D: Building Simulator Games For Free","games_entertainment","one",946171,4.5,4000,108,"$432,000.00","$25,000.00","$407,000.00"
"Block Strike","games_entertainment","one",947515,4.5,4000,108,"$432,000.00","$25,000.00","$407,000.00"
"Block! Hexa Puzzle‚Ñ¢","games_entertainment","one",472247,4.5,4000,108,"$432,000.00","$25,000.00","$407,000.00"
"Blossom Blast Saga","Casual","one",1125438,4.5,4000,108,"$432,000.00","$25,000.00","$407,000.00"
"Bomber Friends","games_entertainment","one",776730,4.5,4000,108,"$432,000.00","$25,000.00","$407,000.00"
"Brightest Flashlight - LED Light","productivity","one",876866,4.5,4000,108,"$432,000.00","$25,000.00","$407,000.00"
"WPS Office - Word, Docs, PDF, Note, Slide & Sheet","productivity","one",1507671,4.5,4000,108,"$432,000.00","$25,000.00","$407,000.00"
"World Series of Poker ‚Äì WSOP Free Texas Holdem","games_entertainment","one",910051,4.5,4000,108,"$432,000.00","$25,000.00","$407,000.00"
"C Launcher: Themes, Wallpapers, DIY, Smart, Clean","Personalization","one",901110,4.5,4000,108,"$432,000.00","$25,000.00","$407,000.00"
"Cache Cleaner-DU Speed Booster (booster & cleaner)","productivity","one",12759739,4.5,4000,108,"$432,000.00","$25,000.00","$407,000.00"
"WordBrain","games_entertainment","one",391401,4.5,4000,108,"$432,000.00","$25,000.00","$407,000.00"
"ZenUI Keyboard ‚Äì Emoji, Theme","productivity","one",537554,4.5,4000,108,"$432,000.00","$25,000.00","$407,000.00"
"Calls Blacklist - Call Blocker","social_communication","one",457283,4.5,4000,108,"$432,000.00","$25,000.00","$407,000.00"
"Calorie Counter & Diet Tracker by MyFitnessPal","health_fitness","one",507706,4.5,4000,108,"$432,000.00","$25,000.00","$407,000.00"
"Checkers","games_entertainment","one",375996,4.5,4000,108,"$432,000.00","$25,000.00","$407,000.00"
"Chess Free","games_entertainment","one",1375988,4.5,4000,108,"$432,000.00","$25,000.00","$407,000.00"
"Clear Vision (17+)","games_entertainment","one",541693,4.5,4000,108,"$432,000.00","$25,000.00","$407,000.00"
"Alarm Clock: Stopwatch & Timer","productivity","one",870928,4.5,4000,108,"$432,000.00","$25,000.00","$407,000.00"
"Colorfy: Coloring Book for Adults - Free","games_entertainment","one",787142,4.5,4000,108,"$432,000.00","$25,000.00","$407,000.00"
"Cricbuzz - Live Cricket Scores & News","games_entertainment","one",838752,4.5,4000,108,"$432,000.00","$25,000.00","$407,000.00"
"Weather by WeatherBug: Forecast, Radar & Alerts","book_news_reference","one",981995,4.5,4000,108,"$432,000.00","$25,000.00","$407,000.00"
"Crossy Road","games_entertainment","one",4230432,4.5,4000,108,"$432,000.00","$25,000.00","$407,000.00"
"Crossy Road - Endless Arcade Hopper","games_entertainment","one",669079,4.5,4000,108,"$432,000.00","$25,000.00","$407,000.00"
"CSR Racing","games_entertainment","one",677247,4.5,4000,108,"$432,000.00","$25,000.00","$407,000.00"
"ZenUI Dialer & Contacts","social_communication","one",437674,4.5,4000,108,"$432,000.00","$25,000.00","$407,000.00"
"We Heart It","social_communication","one",637282,4.5,4000,108,"$432,000.00","$25,000.00","$407,000.00"
"DC Legends: Battle for Justice","games_entertainment","one",355613,4.5,4000,108,"$432,000.00","$25,000.00","$407,000.00"
"DEAD TARGET: FPS Zombie Apocalypse Survival Games","games_entertainment","one",1468615,4.5,4000,108,"$432,000.00","$25,000.00","$407,000.00"
"Waze - GPS Navigation, Maps & Real-time Traffic","navigation","one",345046,4.5,4000,108,"$432,000.00","$25,000.00","$407,000.00"
"Despicable Me: Minion Rush","games_entertainment","one",464312,4.5,4000,108,"$432,000.00","$25,000.00","$407,000.00"
"Dictionary - Merriam-Webster","book_news_reference","one",454236,4.5,4000,108,"$432,000.00","$25,000.00","$407,000.00"
"ZArchiver","productivity","one",337242,4.5,4000,108,"$432,000.00","$25,000.00","$407,000.00"
"Dolphin Browser - Fast, Private & Adblocküê¨","social_communication","one",2511130,4.5,4000,108,"$432,000.00","$25,000.00","$407,000.00"
"Dr. Driving","games_entertainment","one",4972230,4.5,4000,108,"$432,000.00","$25,000.00","$407,000.00"
"Anger of stick 5 : zombie","games_entertainment","one",548342,4.5,4000,108,"$432,000.00","$25,000.00","$407,000.00"
"Angry Birds","games_entertainment","one",824451,4.5,4000,108,"$432,000.00","$25,000.00","$407,000.00"
"Dr.Web Security Space","productivity","one",594406,4.5,4000,108,"$432,000.00","$25,000.00","$407,000.00"
"DragonVale","games_entertainment","one",503230,4.5,4000,108,"$432,000.00","$25,000.00","$407,000.00"
"DU Battery Saver - Battery Charger & Battery Life","productivity","one",13479633,4.5,4000,108,"$432,000.00","$25,000.00","$407,000.00"
"DU Cleaner ‚Äì Memory cleaner & clean phone cache","productivity","one",465831,4.5,4000,108,"$432,000.00","$25,000.00","$407,000.00"
"EA SPORTS UFC¬Æ","games_entertainment","one",2371338,4.5,4000,108,"$432,000.00","$25,000.00","$407,000.00"
"VPN Free - Betternet Hotspot VPN & Private Browser","productivity","one",800130,4.5,4000,108,"$432,000.00","$25,000.00","$407,000.00"
"Endomondo - Running & Walking","health_fitness","one",559224,4.5,4000,108,"$432,000.00","$25,000.00","$407,000.00"
"Angry Birds Evolution","games_entertainment","one",384602,4.5,4000,108,"$432,000.00","$25,000.00","$407,000.00"
"video player for android","games_entertainment","one",351168,4.5,4000,108,"$432,000.00","$25,000.00","$407,000.00"
"Angry Birds POP Bubble Shooter","Casual","one",596628,4.5,4000,108,"$432,000.00","$25,000.00","$407,000.00"
"Vault-Hide SMS,Pics & Videos,App Lock,Cloud backup","business_finance","one",984451,4.5,4000,108,"$432,000.00","$25,000.00","$407,000.00"
"UC Browser - Fast Download Private & Secure","social_communication","one",17713565,4.5,4000,108,"$432,000.00","$25,000.00","$407,000.00"
"Five Nights at Freddy's 3 Demo","games_entertainment","one",1041836,4.5,4000,108,"$432,000.00","$25,000.00","$407,000.00"
"Anti-virus Dr.Web Light","productivity","one",1094094,4.5,4000,108,"$432,000.00","$25,000.00","$407,000.00"
"Fotor Photo Editor - Photo Collage & Photo Effects","photo_video","one",597068,4.5,4000,108,"$432,000.00","$25,000.00","$407,000.00"
"Truecaller: Caller ID, SMS spam blocking & Dialer","social_communication","one",7820492,4.5,4000,108,"$432,000.00","$25,000.00","$407,000.00"
"Free phone calls, free texting SMS on free number","social_communication","one",412807,4.5,4000,108,"$432,000.00","$25,000.00","$407,000.00"
"FRONTLINE COMMANDO: D-DAY","games_entertainment","one",1736105,4.5,4000,108,"$432,000.00","$25,000.00","$407,000.00"
"Gangstar Vegas - mafia game","games_entertainment","one",4830407,4.5,4000,108,"$432,000.00","$25,000.00","$407,000.00"
"Garena Free Fire","games_entertainment","one",5488219,4.5,4000,108,"$432,000.00","$25,000.00","$407,000.00"
"GO Keyboard - Cute Emojis, Themes and GIFs","productivity","one",4594198,4.5,4000,108,"$432,000.00","$25,000.00","$407,000.00"
"GO Launcher - 3D parallax Themes & HD Wallpapers","Personalization","one",7464996,4.5,4000,108,"$432,000.00","$25,000.00","$407,000.00"
"GO Weather - Widget, Theme, Wallpaper, Efficient","book_news_reference","one",1422858,4.5,4000,108,"$432,000.00","$25,000.00","$407,000.00"
"Tiny Tower - Free City Building","games_entertainment","one",414803,4.5,4000,108,"$432,000.00","$25,000.00","$407,000.00"
"APUS Launcher - Theme, Wallpaper, Hide Apps","Personalization","one",5783441,4.5,4000,108,"$432,000.00","$25,000.00","$407,000.00"
"The Sims‚Ñ¢ Mobile","games_entertainment","one",559597,4.5,4000,108,"$432,000.00","$25,000.00","$407,000.00"
"Google Photos","photo_video","one",10855957,4.5,4000,108,"$432,000.00","$25,000.00","$407,000.00"
"Arrow.io","games_entertainment","one",343263,4.5,4000,108,"$432,000.00","$25,000.00","$407,000.00"
"Text SMS","social_communication","one",349384,4.5,4000,108,"$432,000.00","$25,000.00","$407,000.00"
"Granny","games_entertainment","one",1135443,4.5,4000,108,"$432,000.00","$25,000.00","$407,000.00"
"Groupon - Deals, Coupons & Discount Shopping App","lifestyle_shopping","one",417779,4.5,4000,108,"$432,000.00","$25,000.00","$407,000.00"
"Guardian Hunter: SuperBrawlRPG","games_entertainment","one",364013,4.5,4000,108,"$432,000.00","$25,000.00","$407,000.00"
"Texas HoldEm Poker Deluxe","games_entertainment","one",396090,4.5,4000,108,"$432,000.00","$25,000.00","$407,000.00"
"High-Powered Flashlight","productivity","one",429580,4.5,4000,108,"$432,000.00","$25,000.00","$407,000.00"
"Hola Launcher- Theme,Wallpaper","Personalization","one",3277209,4.5,4000,108,"$432,000.00","$25,000.00","$407,000.00"
"SwiftKey Keyboard","productivity","one",2764964,4.5,4000,108,"$432,000.00","$25,000.00","$407,000.00"
"Ibotta: Cash Back Savings, Rewards & Coupons App","lifestyle_shopping","one",315908,4.5,4000,108,"$432,000.00","$25,000.00","$407,000.00"
"Asphalt Xtreme: Rally Racing","games_entertainment","one",567984,4.5,4000,108,"$432,000.00","$25,000.00","$407,000.00"
"iHoroscope - 2018 Daily Horoscope & Astrology","lifestyle_shopping","one",398307,4.5,4000,108,"$432,000.00","$25,000.00","$407,000.00"
"iKeyboard - emoji, emoticons","Personalization","one",624924,4.5,4000,108,"$432,000.00","$25,000.00","$407,000.00"
"Stupid Zombies","games_entertainment","one",464900,4.5,4000,108,"$432,000.00","$25,000.00","$407,000.00"
"Strava Training: Track Running, Cycling & Swimming","health_fitness","one",328469,4.5,4000,108,"$432,000.00","$25,000.00","$407,000.00"
"Internet Speed Meter Lite","productivity","one",410303,4.5,4000,108,"$432,000.00","$25,000.00","$407,000.00"
"ƒ∞≈üCep","business_finance","one",381788,4.5,4000,108,"$432,000.00","$25,000.00","$407,000.00"
"Spotify Music","games_entertainment","one",878563,4.5,4000,108,"$432,000.00","$25,000.00","$407,000.00"
"ivi - movies and TV shows in HD","games_entertainment","one",684116,4.5,4000,108,"$432,000.00","$25,000.00","$407,000.00"
"7 Minute Workout","health_fitness","one",399009,4.5,4000,108,"$432,000.00","$25,000.00","$407,000.00"
"Audiobooks from Audible","book_news_reference","one",568922,4.5,4000,108,"$432,000.00","$25,000.00","$407,000.00"
"Solo Locker (DIY Locker)","productivity","one",474439,4.5,4000,108,"$432,000.00","$25,000.00","$407,000.00"
"Kim Kardashian: Hollywood","games_entertainment","one",397730,4.5,4000,108,"$432,000.00","$25,000.00","$407,000.00"
"Solitaire TriPeaks","games_entertainment","one",446434,4.5,4000,108,"$432,000.00","$25,000.00","$407,000.00"
"KineMaster ‚Äì Pro Video Editor","games_entertainment","one",1013867,4.5,4000,108,"$432,000.00","$25,000.00","$407,000.00"
"Knife Hit","games_entertainment","one",461876,4.5,4000,108,"$432,000.00","$25,000.00","$407,000.00"
"Last Day on Earth: Survival","games_entertainment","one",2310351,4.5,4000,108,"$432,000.00","$25,000.00","$407,000.00"
"letgo: Buy & Sell Used Stuff, Cars & Real Estate","lifestyle_shopping","one",972763,4.5,4000,108,"$432,000.00","$25,000.00","$407,000.00"
"8 Ball Pool","games_entertainment","one",14198028,4.5,4000,108,"$432,000.00","$25,000.00","$407,000.00"
"LINE WEBTOON - Free Comics","games_entertainment","one",1013790,4.5,4000,108,"$432,000.00","$25,000.00","$407,000.00"
"Avast Cleanup & Boost, Phone Cleaner, Optimizer","productivity","one",648380,4.5,4000,108,"$432,000.00","$25,000.00","$407,000.00"
"LiveMe - Video chat, new friends, and make money","social_communication","one",457032,4.5,4000,108,"$432,000.00","$25,000.00","$407,000.00"
"Avast Mobile Security 2018 - Antivirus & App Lock","productivity","one",5180480,4.5,4000,108,"$432,000.00","$25,000.00","$407,000.00"
"AVG AntiVirus 2018 for Android Security","productivity","one",6207063,4.5,4000,108,"$432,000.00","$25,000.00","$407,000.00"
"Madden NFL Football","games_entertainment","one",1455952,4.5,4000,108,"$432,000.00","$25,000.00","$407,000.00"
"Magic Tiles 3","games_entertainment","one",592340,4.5,4000,108,"$432,000.00","$25,000.00","$407,000.00"
"Skyscanner","travel_local","one",481546,4.5,4000,108,"$432,000.00","$25,000.00","$407,000.00"
"8 Ball Pool‚Ñ¢","games_entertainment","one",416736,4.5,4000,108,"$432,000.00","$25,000.00","$407,000.00"
"MAPS.ME ‚Äì Offline Map and Travel Navigation","travel_local","one",932870,4.5,4000,108,"$432,000.00","$25,000.00","$407,000.00"
"Math Tricks","education","one",342918,4.5,4000,108,"$432,000.00","$25,000.00","$407,000.00"
"Meitu ‚Äì Beauty Cam, Easy Photo Editor","photo_video","one",462702,4.5,4000,108,"$432,000.00","$25,000.00","$407,000.00"
"YouCam Perfect - Selfie Photo Editor","photo_video","one",1579306,4.5,4000,108,"$432,000.00","$25,000.00","$407,000.00"
"Scoompa Video - Slideshow Maker and Video Editor","photo_video","one",559931,4.5,4000,108,"$432,000.00","$25,000.00","$407,000.00"
"Minion Rush: Despicable Me Official Game","games_entertainment","one",10216349,4.5,4000,108,"$432,000.00","$25,000.00","$407,000.00"
"Mini Golf King - Multiplayer Game","games_entertainment","one",531458,4.5,4000,108,"$432,000.00","$25,000.00","$407,000.00"
"Draw Something","games_entertainment","one",360974,4.5,4000,108,"$432,000.00","$29,900.00","$402,100.00"
"Zynga Poker ‚Äì Texas Holdem","games_entertainment","one",1986068,4.4,4000,106,"$424,000.00","$25,000.00","$399,000.00"
"AccuWeather: Daily Forecast & Live Weather Reports","book_news_reference","one",2052906,4.4,4000,106,"$424,000.00","$25,000.00","$399,000.00"
"Advanced Task Killer","productivity","one",577059,4.4,4000,106,"$424,000.00","$25,000.00","$399,000.00"
"Angry Birds Classic","games_entertainment","one",5566625,4.4,4000,106,"$424,000.00","$25,000.00","$399,000.00"
"Applock","productivity","one",4934130,4.4,4000,106,"$424,000.00","$25,000.00","$399,000.00"
"AppLock","productivity","one",4931562,4.4,4000,106,"$424,000.00","$25,000.00","$399,000.00"
"AppLock - Fingerprint","productivity","one",745245,4.4,4000,106,"$424,000.00","$25,000.00","$399,000.00"
"Arena of Valor: 5v5 Arena Game","games_entertainment","one",438911,4.4,4000,106,"$424,000.00","$25,000.00","$399,000.00"
"ASUS PixelMaster Camera","photo_video","one",626366,4.4,4000,106,"$424,000.00","$25,000.00","$399,000.00"
"Avakin Life - 3D virtual world","games_entertainment","one",1275373,4.4,4000,106,"$424,000.00","$25,000.00","$399,000.00"
"AVG Cleaner ‚Äì Speed, Battery & Memory Booster","productivity","one",1188154,4.4,4000,106,"$424,000.00","$25,000.00","$399,000.00"
"B612 - Beauty & Filter Camera","photo_video","one",5280706,4.4,4000,106,"$424,000.00","$25,000.00","$399,000.00"
"Banana Kong","games_entertainment","one",3452530,4.4,4000,106,"$424,000.00","$25,000.00","$399,000.00"
"Bank of America Mobile Banking","business_finance","one",341090,4.4,4000,106,"$424,000.00","$25,000.00","$399,000.00"
"Basketball Stars","games_entertainment","one",867920,4.4,4000,106,"$424,000.00","$25,000.00","$399,000.00"
"BeautyPlus - Easy Photo Editor & Selfie Camera","photo_video","one",3157754,4.4,4000,106,"$424,000.00","$25,000.00","$399,000.00"
"Big Fish Casino ‚Äì Play Slots & Vegas Games","games_entertainment","one",382100,4.4,4000,106,"$424,000.00","$25,000.00","$399,000.00"
"BIGO LIVE - Live Stream","social_communication","one",2349421,4.4,4000,106,"$424,000.00","$25,000.00","$399,000.00"
"BLACKJACK!","games_entertainment","one",524467,4.4,4000,106,"$424,000.00","$25,000.00","$399,000.00"
"Block Puzzle - Wood Legend","games_entertainment","one",318867,4.4,4000,106,"$424,000.00","$25,000.00","$399,000.00"
"Bukalapak - Buy and Sell Online","lifestyle_shopping","one",662287,4.4,4000,106,"$424,000.00","$25,000.00","$399,000.00"
"CallApp: Caller ID, Blocker & Phone Call Recorder","social_communication","one",483674,4.4,4000,106,"$424,000.00","$25,000.00","$399,000.00"
"Candy Camera - selfie, beauty camera, photo editor","photo_video","one",3368667,4.4,4000,106,"$424,000.00","$25,000.00","$399,000.00"
"CCleaner","productivity","one",885187,4.4,4000,106,"$424,000.00","$25,000.00","$399,000.00"
"CM FILE MANAGER","productivity","one",953790,4.4,4000,106,"$424,000.00","$25,000.00","$399,000.00"
"cPro Marketplace: Buy. Sell. Rent. Date. Jobs.","lifestyle_shopping","one",385764,4.4,4000,106,"$424,000.00","$25,000.00","$399,000.00"
"Critical Ops","games_entertainment","one",1397944,4.4,4000,106,"$424,000.00","$25,000.00","$399,000.00"
"Crusaders Quest","games_entertainment","one",475020,4.4,4000,106,"$424,000.00","$25,000.00","$399,000.00"
"Cut the Rope FULL FREE","games_entertainment","one",2123293,4.4,4000,106,"$424,000.00","$25,000.00","$399,000.00"
"Cymera Camera- Photo Editor, Filter,Collage,Layout","photo_video","one",2418148,4.4,4000,106,"$424,000.00","$25,000.00","$399,000.00"
"DEER HUNTER CLASSIC","games_entertainment","one",3941129,4.4,4000,106,"$424,000.00","$25,000.00","$399,000.00"
"DH Texas Poker - Texas Hold'em","games_entertainment","one",562345,4.4,4000,106,"$424,000.00","$25,000.00","$399,000.00"
"DINO HUNTER: DEADLY SHORES","games_entertainment","one",1381722,4.4,4000,106,"$424,000.00","$25,000.00","$399,000.00"
"Dr. Parking 4","games_entertainment","one",475369,4.4,4000,106,"$424,000.00","$25,000.00","$399,000.00"
"Dr. Safety - Antivirus, Booster, Cleaner, AppLock","productivity","one",372553,4.4,4000,106,"$424,000.00","$25,000.00","$399,000.00"
